community_name,2017,2018,2019,2020,2021,2022,total,0-4,5-9,10-14,15-19,20-24,25-29,30-34,35-39,40-44,45-49,50-54,55-59,60-64,65-69,70-74,75-79,80-84,85-89,90-94,95-99,100+,criteria1,criteria2,criteria3,score
Mauraz,60,59,57,58,60,65,65,7,2,4,3,1,6,5,5,2,3,4,11,4,4,0,2,0,1,0,1,0,68.7162221195971,100.0,23.247381144238517,81.5210984408074
Villars-Epeney,106,100,102,101,95,92,92,4,6,6,5,2,6,11,6,3,3,6,16,5,3,6,3,0,1,0,0,0,72.55496511439236,96.85935435566397,22.48186946011281,79.55341845242657
Démoret,146,141,156,158,164,167,167,24,13,4,1,6,12,14,22,6,3,5,13,12,15,5,4,3,1,4,0,0,13.012632855334253,95.59509120571286,23.89202256244964,72.99623164202235
Chavannes-près-Renens,7653,7741,7887,8487,8766,8725,8725,478,444,416,681,1200,864,734,593,648,514,478,428,325,247,223,214,133,71,28,5,1,100.0,59.11253678045107,66.23690572119258,64.62615689055426
Bettens,574,592,650,636,626,650,650,44,48,43,20,26,45,70,59,68,46,45,55,37,14,10,8,9,1,2,0,0,92.01004131354613,63.8102734710114,26.10797743755036,59.089791048572664
Chavannes-des-Bois,942,964,960,1013,1005,1019,1019,52,97,102,71,47,26,28,57,109,117,88,63,41,38,29,28,18,7,1,0,0,48.20904836342492,64.7494125444319,26.148267526188558,55.375147122682534
Chêne-Pâquier,139,141,153,144,153,163,163,17,19,2,5,4,7,17,16,11,7,10,11,12,5,10,3,4,2,0,1,0,37.73770144211098,66.39059283333262,24.012892828364222,55.049763693216775
Dizy,229,223,234,224,225,232,232,8,20,13,10,14,17,13,16,23,14,31,11,17,9,7,0,4,3,1,1,0,87.56633720702526,58.600042168404634,23.16680096696213,54.410023431978196
Leysin,4023,3939,3776,3645,3637,3743,3743,117,147,207,510,483,182,175,219,247,215,242,236,207,171,134,125,71,35,16,3,1,92.50128066414113,59.35126743464059,11.76470588235294,53.14895644713311
Rossenges,63,65,84,84,93,93,93,7,4,5,1,8,6,10,12,5,9,5,4,2,3,1,4,3,2,1,1,0,63.7067986370274,59.00737196706961,24.25463336019339,52.52676691269015
Mollens,301,283,308,330,319,324,324,18,15,9,10,23,26,22,25,27,16,17,40,34,10,9,11,5,6,1,0,0,99.88596823336397,52.92823803568585,23.972602739726025,51.83288399626169
Rovray,187,180,185,204,206,197,197,15,25,9,9,5,6,15,17,22,16,11,6,8,8,9,11,4,1,0,0,0,23.211839774122762,60.68716466672932,23.448831587429492,49.491965561608694
Chigny,338,358,382,396,405,419,419,29,33,20,38,21,14,20,31,45,33,45,25,16,19,10,11,5,4,0,0,0,73.80933525462018,52.41610975267601,26.30942788074134,49.334095928483485
Saubraz,420,418,423,423,444,449,449,28,21,40,38,31,14,31,33,40,38,47,25,19,9,16,9,4,5,1,0,0,81.83667204276402,50.91820021686796,24.214343271555197,48.66927601039501
Chavannes-le-Veyron,141,142,152,152,155,163,163,17,15,10,4,4,12,14,12,15,9,5,13,7,12,9,5,0,0,0,0,0,22.755529983505326,59.41328067179822,23.932312651087834,48.651311998826856
Fontaines-sur-Grandson,210,218,215,219,220,214,214,12,9,16,16,17,10,11,15,15,19,24,20,6,8,6,5,4,0,0,1,0,87.29088349071411,50.269290339099534,23.207091055600323,48.559009797561146
Lovatens,141,146,136,142,146,143,143,6,3,10,8,4,17,13,10,8,7,11,15,3,9,7,8,1,2,1,0,0,65.98380931092274,53.30909984817181,23.126510878323934,48.54005300047732
Lausanne,139624,139720,139726,140430,140789,141513,141513,7088,6786,6412,7110,9597,13021,14185,12251,10865,9642,9028,8368,6817,5073,4376,4122,3089,2137,1150,354,42,86.28589540721569,28.569789231339637,99.1539081385979,48.458223630378896
Chevilly,298,314,317,317,322,331,331,17,22,29,17,20,18,21,24,26,41,17,29,16,6,14,6,6,1,1,0,0,76.00334419469468,50.563903200592044,24.375503626107978,47.87016738510549
La Praz,160,165,165,175,182,183,183,10,11,7,5,5,8,17,16,12,8,15,19,13,19,7,6,4,1,0,0,0,53.03097810040352,50.95322560942371,23.972602739726025,45.76487628458215
Vugelles-La Mothe,122,132,135,138,140,137,137,8,7,13,9,6,4,7,11,7,8,16,14,8,8,3,2,4,2,0,0,0,58.953331098822595,49.20183246490162,23.650282030620467,45.06667224143748
Bussigny,8677,8759,8962,9614,10248,10392,10392,694,602,537,525,579,874,957,834,808,728,698,663,507,405,329,314,191,101,37,9,0,75.22167579636955,27.26206335716727,92.14343271555198,45.03429847276445
Sergey,137,146,145,145,141,140,140,7,4,13,10,10,6,10,7,10,14,10,12,10,8,3,3,2,0,1,0,0,83.47613059502562,44.842616642516276,23.16680096696213,44.37080490265638
Saint-Oyens,366,448,447,461,458,456,456,34,35,20,31,32,14,21,39,45,40,31,40,22,16,14,13,5,3,1,0,0,75.48883084109754,44.31329077449336,26.672038678485094,43.902594361952126
Suchy,605,599,645,656,656,671,671,37,45,55,41,37,43,47,51,75,53,53,41,24,26,15,13,10,3,2,0,0,76.56630973796076,43.948232168071954,25.70507655116841,43.56140880168013
Grandevent,229,238,222,226,238,237,237,9,9,22,10,12,7,11,8,26,18,19,26,17,14,9,9,9,2,0,0,0,55.46344353912791,47.19777584527333,23.3682514101531,43.25843772763474
Arnex-sur-Nyon,224,235,229,240,226,240,240,14,9,22,14,8,10,17,22,19,20,11,16,23,18,7,5,2,2,1,0,0,63.7067986370274,45.64130687598027,23.69057211925866,43.05770910074066
Novalles,101,101,100,99,103,99,99,4,7,9,4,3,3,4,8,10,7,5,10,2,8,5,8,1,0,1,0,0,14.371567369295715,52.38240530579144,22.965350523771153,42.697910555737806
Lussery-Villars,459,462,459,459,475,482,482,43,21,23,19,19,22,48,46,40,25,29,43,41,19,12,14,8,7,3,0,0,74.51551320522755,43.39842656895467,23.972602739726025,42.62497046673622
Premier,210,213,215,218,232,236,236,11,19,18,9,0,9,11,14,29,16,13,7,19,25,10,15,5,3,3,0,0,0.9298073247400227,53.440778630877894,24.09347300564061,42.32022037521665
Ferreyres,322,310,320,319,319,308,308,11,21,28,20,13,9,20,15,16,27,32,26,25,16,9,14,6,0,0,0,0,60.00665629194752,44.270436209930246,22.48186946011281,41.48634486816849
Vuarrens,1003,1001,1054,1060,1097,1106,1106,69,84,81,86,51,65,69,89,99,95,95,66,44,38,28,30,10,2,4,1,0,73.27497866137503,40.811837269747826,27.195809830781627,41.33494592111731
Bavois,928,942,952,994,978,1009,1009,55,67,40,48,69,76,78,90,96,56,83,79,53,48,24,24,14,6,3,0,0,90.49157533520723,38.3305919563118,26.30942788074134,41.14245747908725
Nyon,20551,21239,21416,21743,22120,22461,22461,1298,1245,1146,1091,1101,1553,1882,1868,1860,1660,1551,1552,1147,790,848,812,544,334,143,30,6,70.03464992411203,19.30293909983706,100.0,40.51552236229715
Tartegnin,235,246,233,236,241,249,249,15,12,13,29,19,6,19,16,18,20,22,14,6,12,6,11,6,4,1,0,0,69.59136236655203,40.60741845157056,23.609991941982273,40.10632754115105
Orges,336,332,332,343,367,407,407,27,29,28,19,26,33,32,35,38,30,25,21,23,11,9,14,3,4,0,0,0,76.50729107406048,38.470567934133435,25.906526994359385,39.76143206017133
Montpreveyres,648,643,657,653,662,661,661,44,32,32,53,56,23,43,50,47,55,46,61,43,25,19,12,9,8,1,2,0,90.55382236925595,36.374844618352725,23.56970185334408,39.231713840441316
Crissier,8008,7905,7944,8700,8973,9161,9161,457,489,460,576,730,791,748,653,634,635,597,648,491,371,293,252,184,109,31,11,1,84.80177019022378,24.02949975982257,69.50040290088639,39.20090743107545
Denges,1614,1610,1609,1730,1742,1778,1778,106,74,85,110,137,141,136,130,102,147,150,141,112,64,59,40,26,10,7,1,0,96.85408056752924,33.02961615056794,29.653505237711524,38.73684040969279
Belmont-sur-Yverdon,378,384,374,396,415,434,434,27,24,36,16,20,16,30,40,33,40,31,35,33,16,14,11,4,5,2,1,0,68.95861357843108,38.16855126373101,25.302175664786464,38.67428237541211
Treytorrens,122,119,111,114,110,105,105,7,3,6,6,4,2,10,5,5,13,8,8,5,8,6,4,3,0,1,1,0,45.100368558911455,42.11025531750776,22.36099919419823,38.45941541698622
Champtauroz,128,122,130,144,169,169,169,16,14,9,12,11,9,17,15,6,12,9,8,11,5,6,1,3,3,2,0,0,55.9999932792279,39.85998934527486,24.697824335213536,38.441556736657894
Bretigny-sur-Morrens,825,843,861,859,882,878,878,57,50,62,48,50,35,80,61,88,67,57,63,57,33,18,32,12,6,2,0,0,75.20336847458765,35.82337205451401,25.181305398871878,37.63295836539295
Pailly,543,561,563,567,575,566,566,27,48,36,35,31,22,35,34,47,41,63,45,25,27,22,13,10,2,3,0,0,64.28208578608576,37.713896477089314,23.972602739726025,37.6224566605163
Vinzel,371,358,355,385,369,378,378,18,25,13,25,29,12,21,24,27,25,32,34,34,19,24,7,6,2,0,1,0,77.92004383558823,35.75187147059342,23.327961321514906,37.4839066772772
La Rippe,1164,1161,1136,1131,1165,1197,1197,65,74,84,65,62,45,50,73,95,115,107,113,91,48,39,34,23,6,6,2,0,71.05144208891527,36.09387216993786,24.375503626107978,37.24595545306963
Bassins,1356,1347,1395,1475,1487,1478,1478,76,74,94,111,101,69,77,99,91,120,151,137,92,45,38,54,25,13,9,2,0,84.41557906903063,33.07036521345405,27.961321514907333,37.183077859302365
Vulliens,515,595,614,624,631,632,632,47,50,34,32,26,41,68,52,53,30,32,43,44,27,17,15,10,6,3,2,0,63.44919379021805,36.06304898956423,27.759871071716358,37.14102788606003
Dompierre,259,239,232,245,246,248,248,20,16,8,10,7,15,15,10,14,15,18,26,27,19,9,10,2,2,4,1,0,47.29487694514086,39.55627499759628,22.602739726027394,36.93942813803696
Oppens,187,196,202,201,201,202,202,8,12,13,7,11,10,12,15,14,10,15,21,23,8,9,5,3,3,2,1,0,71.76651463621133,35.560681397789644,23.650282030620467,36.799184848197974
Morges,15839,15725,15862,16095,16887,17530,17530,967,800,723,743,926,1532,1733,1404,1164,1167,1154,1102,885,636,673,745,542,374,178,75,7,67.14309740359332,16.550422981654073,91.17647058823529,36.53489994516424
Crassier,1161,1175,1169,1174,1228,1233,1233,74,74,82,92,75,56,72,66,79,105,135,107,58,34,44,37,28,9,5,1,0,72.81761141858662,34.34009261991288,25.94681708299758,36.50918939239719
Arzier-Le Muids,2653,2697,2801,2912,2947,2954,2954,148,206,172,200,142,118,157,188,225,257,274,259,188,166,89,94,47,19,4,1,0,70.10000328472125,32.02267716175824,35.17324738114424,36.460523817931744
Bussy-sur-Moudon,209,214,218,219,236,246,246,15,14,14,14,8,4,22,19,16,17,18,18,23,8,18,13,2,0,2,1,0,53.77958746730093,36.887547886485265,24.53666398066076,36.106575063401934
Romanel-sur-Morges,470,458,470,466,466,458,458,26,12,19,31,27,20,37,19,22,39,40,48,38,26,19,13,13,4,4,0,1,80.4139915838073,33.47359628705026,22.562449637389204,35.98540648679375
Saint-Livres,683,690,691,683,674,697,697,41,32,41,41,50,26,48,50,36,48,67,66,61,21,16,24,11,8,10,0,0,83.56122097648039,32.69895373351825,23.609991941982273,35.96738809950727
Mauborget,119,122,120,128,137,138,138,7,6,5,4,3,5,8,11,7,6,10,7,13,13,12,15,4,2,0,0,0,0.0,44.48876452734211,23.811442385173248,35.90442364617412
Bogis-Bossey,893,867,825,835,888,923,923,61,49,93,71,56,34,32,53,67,69,95,66,43,44,34,29,20,2,5,0,0,48.18464136709322,37.33139386524751,24.25463336019339,35.80136651442126
St-Saphorin (Lavaux),389,391,384,388,395,402,402,15,24,19,27,28,15,31,29,35,38,39,24,12,16,19,17,6,7,1,0,0,75.8565197701255,33.5111339904368,23.56970185334408,35.75738614098712
Montcherand,482,489,505,506,502,496,496,22,24,41,41,19,17,33,38,34,44,34,47,30,26,15,15,5,7,4,0,0,69.9433288799443,34.04044223094294,23.609991941982273,35.544640838050945
Commugny,2858,2877,2935,2997,3001,2983,2983,119,197,254,265,176,97,102,122,214,256,313,235,143,115,110,126,81,33,23,2,0,52.95492674726798,35.12041881445346,28.08219178082192,35.4962242010086
Oulens-sous-Echallens,577,611,615,618,619,606,606,20,43,43,37,22,28,45,34,51,62,47,51,27,23,31,26,10,4,1,1,0,63.7067986370274,34.389548720650275,24.214343271555197,35.28623262246897
Bofflens,191,196,194,206,206,204,204,15,13,14,6,7,10,18,17,12,7,15,16,15,20,7,6,4,1,1,0,0,32.58207185194373,38.792003579023934,23.56970185334408,35.12655006117994
Daillens,998,1027,1034,1048,1051,1057,1057,58,76,81,59,49,37,64,85,103,94,70,73,54,66,43,16,16,6,5,2,0,56.00546168416487,34.62038863818608,25.42304593070105,34.91942740128695
Eysins,1603,1618,1737,1740,1736,1768,1768,107,113,138,110,81,67,130,122,149,179,143,112,83,51,58,65,34,22,4,0,0,62.970118713120094,32.39406923860016,29.69379532634972,34.91161940360206
Ropraz,450,494,488,528,534,529,529,47,36,32,18,27,32,49,52,44,29,29,33,23,28,18,15,14,3,0,0,0,48.318683024218835,35.13572997454929,26.228847703464947,34.672648825299376
Berolle,301,307,300,313,308,303,303,14,15,19,15,25,17,20,18,22,23,18,31,24,9,14,5,12,1,1,0,0,81.43817383523194,31.19922177258096,23.126510878323934,34.60857479999465
Gland,13081,13101,13194,13243,13303,13686,13686,762,811,818,778,784,961,1006,1086,1107,1085,1040,941,741,506,443,390,214,143,55,15,0,78.1602262103118,24.496132582098742,47.421434327155524,34.4476022939314
Cuarny,241,243,239,234,245,236,236,13,17,10,11,7,12,24,19,14,11,16,24,14,17,13,5,6,2,0,1,0,52.669085878823005,35.06784804977092,22.844480257856567,34.38329827429326
Luins,608,613,621,619,630,618,618,35,36,42,28,26,26,47,44,38,56,53,55,46,33,20,15,10,6,0,2,0,69.23905029860315,32.43572655418222,23.448831587429492,34.318679935273764
Ecublens,12560,12939,13089,13164,13212,13129,13129,651,622,628,961,1423,1075,963,878,841,820,770,815,655,516,483,428,310,162,88,32,8,80.38548124665698,24.405227923974056,45.9709911361805,34.31640589868364
Mathod,617,611,601,651,655,684,684,40,36,31,46,43,57,67,58,36,40,49,50,40,27,26,18,7,7,4,2,0,85.12867537170037,29.300004557361408,25.745366639806605,34.17194405528434
Essertines-sur-Rolle,696,726,722,740,753,749,749,43,55,52,57,29,22,52,47,70,64,62,43,45,41,26,21,12,5,3,0,0,58.27267770299821,33.13900015862073,25.181305398871878,34.06082896110871
Boussens,982,968,993,999,1001,1009,1009,54,87,64,59,46,45,60,86,82,64,85,86,58,46,31,36,14,3,2,1,0,62.9000282545521,32.722285377512996,24.133763094278805,34.02235520857007
Chavornay,4908,4996,5135,5227,5370,5405,5405,346,319,322,327,368,389,451,393,393,399,391,353,288,189,178,158,78,38,19,5,1,77.14095097372447,25.149022693649687,43.07010475423046,33.932431933773316
Chavannes-de-Bogis,1290,1281,1357,1329,1330,1314,1314,61,113,101,85,48,45,61,84,108,139,106,87,64,67,66,38,27,8,5,1,0,45.493312573118274,35.06071725965894,24.012892828364222,33.89441190474592
Clarmont,189,190,191,201,211,213,213,11,13,11,15,7,12,14,19,20,21,8,15,15,9,8,4,2,5,4,0,0,72.87898247835219,31.060629981717682,24.012892828364222,33.83291780071044
La Chaux (Cossonay),420,410,395,391,398,412,412,10,27,29,25,25,11,27,24,30,36,37,28,19,38,16,19,9,1,0,1,0,48.690686984179,34.862651895608884,22.72360999194198,33.81764702373251
Trey,268,267,285,302,321,302,302,12,16,24,23,14,12,24,18,14,24,28,28,18,17,12,8,4,4,2,0,0,66.4022665705293,31.781401681216852,24.415793714746172,33.77036657685396
Trélex,1405,1408,1434,1445,1439,1427,1427,56,77,103,93,104,55,45,59,102,116,129,147,107,65,53,47,43,20,4,1,1,65.64632664972522,31.910381088691693,23.932312651087834,33.688361957274275
Le Vaud,1283,1319,1362,1366,1387,1411,1411,83,76,83,117,88,45,68,72,109,111,122,127,96,72,61,46,22,7,5,1,0,68.66829354623441,30.144851654443087,28.203062046736505,33.6088379220809
Gilly,1294,1324,1370,1428,1438,1446,1446,80,90,88,65,66,94,102,90,107,134,123,128,80,63,59,33,22,17,5,0,0,72.15110689343376,29.290878246034147,29.170024174053182,33.552730296377916
Tannay,1585,1593,1600,1636,1642,1720,1720,67,98,146,145,104,47,62,74,113,154,156,154,99,81,65,80,49,18,7,1,0,52.72684135255783,32.20288502681835,28.485092667203865,33.5117221874694
Crans,2177,2193,2286,2340,2373,2357,2357,96,123,183,184,137,84,80,103,140,204,224,244,134,92,97,119,64,35,12,2,0,55.970565511633396,31.093918241793666,30.298146655922643,33.42242865160343
Founex,3788,3790,3772,3834,3822,3763,3763,147,266,312,301,232,138,146,195,299,344,340,292,208,140,135,117,80,48,17,6,0,61.93293289412971,32.40528957020636,22.038678485092667,33.28473168557595
Faoug,893,904,884,881,865,903,903,44,45,44,43,47,46,53,70,60,62,82,87,79,47,39,30,11,11,3,0,0,78.31068270996728,29.574199291379017,23.448831587429492,33.222774092447935
Le Mont-sur-Lausanne,8093,8516,8991,9136,9216,9297,9297,572,642,620,549,472,561,673,699,813,695,637,581,413,307,288,325,205,143,82,18,2,58.19061353400416,18.191203737543177,71.55519742143433,32.86394345396751
Pomy,785,780,793,803,838,868,868,56,63,57,53,64,32,67,59,69,51,86,58,36,39,18,32,10,12,6,0,0,61.64358562433312,30.472097647542036,26.390008058017727,32.77282852731628
Saint-Cergue,2559,2583,2603,2674,2754,2786,2786,144,179,137,127,119,100,165,217,261,210,242,228,194,159,120,93,50,28,10,3,0,64.70023240376096,28.242765674801433,32.19178082191781,32.67831537712066
Cossonay,3808,3871,4045,4222,4326,4389,4389,279,222,252,225,290,363,373,328,288,299,331,292,224,179,178,115,89,42,17,3,0,73.38837409633415,22.754016434082917,46.45447219983884,32.557543353459224
Onnens,477,494,497,505,495,496,496,21,25,29,38,18,18,21,28,33,31,51,48,41,20,34,19,13,5,2,1,0,60.09617586481239,30.99618480235286,23.811442385173248,32.46923542516289
Ogens,304,299,296,301,321,324,324,25,23,24,17,13,10,24,28,22,28,21,17,19,24,16,4,1,2,6,0,0,38.07988683962232,33.7855631202127,23.851732473811442,32.22822936287341
Bournens,419,404,422,490,507,514,514,40,23,33,35,23,32,34,49,41,36,43,31,22,18,22,13,12,6,1,0,0,66.87423566394406,28.546089646069394,26.87348912167607,32.044384142978195
Fey,703,734,751,749,754,736,736,32,61,54,41,45,27,31,49,70,60,67,49,39,39,21,22,15,8,4,2,0,55.30104048353076,30.632582100064816,24.375503626107978,31.848012243620044
Juriens,309,308,328,336,348,346,346,25,20,17,7,14,25,42,22,14,17,22,28,24,19,19,15,10,3,2,1,0,41.591496990711846,32.475892415905584,24.53666398066076,31.799607186337244
Lavigny,1007,999,992,1008,1026,1038,1038,54,55,80,68,55,53,60,77,84,90,90,72,55,49,44,27,15,6,4,0,0,69.35325863183137,28.133210642994943,24.294923448831586,31.487558003045912
Rueyres,257,255,265,266,304,303,303,20,16,17,17,30,17,14,12,29,21,21,25,13,14,18,9,5,4,1,0,0,58.87096903751705,29.422330814162624,24.89927477840451,31.46258342934644
Pompaples,854,847,851,847,849,860,860,40,56,71,47,43,65,51,68,72,71,73,53,33,29,33,24,13,14,3,1,0,65.22127550385079,28.93692492019032,23.28767123287671,31.435509241093644
Henniez,359,341,376,396,407,414,414,38,24,31,27,25,32,37,36,21,27,21,16,20,17,19,10,7,5,0,1,0,47.19022121261291,30.6876755928236,25.26188557614827,31.25277215146746
Roche,1650,1775,1826,1868,1872,1940,1940,125,155,128,110,103,141,117,173,170,127,111,135,81,78,61,64,34,13,10,4,0,57.32882131643612,26.381958172989826,34.73005640612409,31.14626413396131
Champagne,1027,1034,1059,1061,1085,1077,1077,55,48,75,75,65,58,78,69,76,102,84,80,51,63,35,35,11,13,3,1,0,72.77678544390844,26.663540624171855,25.06043513295729,30.954244007902602
Bottens,1263,1298,1299,1330,1357,1356,1356,75,88,104,66,72,64,109,123,114,80,100,92,75,63,60,40,16,9,6,0,0,60.46508100726717,27.875965852779842,26.79290894439968,30.91826598655254
Fiez,425,447,445,451,442,436,436,20,20,35,34,30,18,19,28,35,32,40,31,28,22,12,17,10,2,2,0,1,68.56111382369183,27.590449060166517,23.489121676067686,30.86725005969928
Saint-Sulpice,4524,4669,4717,4909,4932,5036,5036,238,254,225,398,514,342,354,342,384,360,301,256,218,203,175,212,138,78,34,8,2,74.53684195840891,20.842050177160644,43.674456083803385,30.77801053661402
Poliez-Pittet,849,846,829,829,833,848,848,48,61,60,45,39,41,43,75,60,64,55,89,48,28,26,27,27,8,4,0,0,60.05901679683075,28.79051482273044,23.005640612409348,30.760390178076253
Orny,356,368,416,462,480,484,484,32,22,25,32,30,46,23,35,31,36,42,38,25,17,15,12,5,7,6,4,1,79.18012117099781,24.502006663838287,28.203062046736505,30.710029191133884
Ependes,361,360,357,388,381,372,372,26,26,17,23,14,21,31,28,18,37,24,28,23,14,10,19,9,2,1,1,0,62.39384490167647,28.089237114766263,23.489121676067686,30.59967480571757
Mies,2037,2075,2116,2172,2195,2226,2226,117,149,184,186,113,75,83,111,176,203,193,162,130,89,64,75,61,27,18,9,1,52.297195287239326,27.438274874670586,30.6607574536664,30.56866343172662
Penthéréaz,418,421,421,419,417,433,433,28,26,30,22,24,20,25,34,29,32,38,38,31,17,13,9,9,4,4,0,0,68.59474649242162,26.876587231054383,23.650282030620467,30.403142117104323
Givrins,995,1033,1032,1031,1010,1024,1024,31,55,61,75,58,44,43,49,72,76,93,91,89,54,48,49,20,12,4,0,0,67.20458944761073,26.684799076858575,24.214343271555197,30.242686952873115
Vuiteboeuf,574,584,576,584,591,592,592,33,31,34,36,36,48,47,39,40,31,43,53,35,34,24,13,8,2,3,1,1,74.70722182510269,25.67768968428635,23.771152296535053,30.19933542081772
Grens,382,391,383,405,401,400,400,15,26,22,21,26,25,25,21,31,31,33,36,31,6,17,11,11,9,3,0,0,79.98742495537886,24.688194055152646,23.771152296535053,30.03470879345175
Mutrux,163,158,153,149,151,151,151,10,11,9,12,4,12,4,14,12,5,11,9,11,9,4,7,2,4,0,0,1,42.143055169012214,30.399241461955977,22.562449637389204,30.00626446774825
Etoy,2908,2905,2933,2909,2918,2938,2938,122,115,191,203,193,168,141,155,202,255,256,290,192,93,107,92,82,44,26,10,1,79.72143786780882,24.53775892804303,24.25463336019339,29.99950170844968
Agiez,314,327,354,377,375,381,381,30,26,27,21,19,23,34,23,30,36,20,18,17,18,14,16,4,4,1,0,0,47.04159059462039,28.759002523742954,25.745366639806605,29.984534154043427
Féchy,895,860,861,869,890,887,887,49,52,57,66,43,33,45,51,64,71,90,76,49,33,39,41,17,5,4,2,0,61.87132780068564,27.325726597902477,22.72360999194198,29.859863396988693
Gollion,918,939,939,996,1018,1033,1033,80,66,52,35,47,56,74,88,82,71,83,78,64,49,40,36,23,7,2,0,0,58.663429399977595,26.36623790165115,27.679290894439966,29.858567650041557
Mont-la-Ville,417,466,478,490,508,502,502,35,29,23,39,23,14,23,39,34,30,40,53,30,30,17,22,9,10,1,1,0,54.301655943159034,27.276076113214735,26.47058823529412,29.81753652062504
Essertines-sur-Yverdon,981,1024,1030,1036,1059,1081,1081,65,82,68,57,65,68,78,87,99,81,65,63,60,36,43,31,23,4,5,1,0,64.7610482598624,25.513513347701284,27.074939564867044,29.75055208235055
Cudrefin,1589,1633,1735,1780,1837,1876,1876,98,102,123,105,78,78,136,140,159,144,153,147,123,83,75,62,39,21,9,1,0,66.91779636506045,23.039977372980466,34.60918614020951,29.74160102563427
Vucherens,583,577,580,617,623,637,637,50,39,38,29,42,26,51,51,30,57,41,50,44,22,24,19,10,11,2,1,0,60.89538749885055,26.526447872415705,25.221595487510072,29.70237135807806
Ollon,7494,7461,7560,7634,7904,7967,7967,302,373,591,854,420,352,429,463,439,532,567,635,511,425,410,330,163,112,48,10,1,57.004093186519945,22.029709829575065,42.10314262691378,29.541834724737296
Prévonloup,160,184,194,202,215,220,220,18,14,10,10,15,9,28,14,11,10,13,12,11,13,13,9,7,1,1,1,0,33.365631407372405,30.150398868080895,25.463336019339245,29.534509552261717
Vich,1026,1039,1083,1156,1157,1160,1160,58,85,82,58,69,62,80,74,89,97,95,84,67,46,51,29,20,10,2,2,0,64.40854977143913,24.7753183437918,28.444802578565675,29.472538333511306
Puidoux,2904,2880,2881,2894,2924,2991,2991,144,167,179,171,172,172,229,241,218,241,233,243,152,135,108,84,50,36,12,4,0,76.44389846482495,23.36911900954718,26.551168412570508,29.313006835679623
Boulens,377,384,361,369,371,383,383,23,25,23,18,16,19,39,36,25,19,22,32,25,14,16,14,12,3,1,1,0,58.18073748458439,26.88093402376251,23.28767123287671,29.292261811667537
Aclens,545,535,539,528,517,557,557,33,39,28,23,30,34,40,53,47,37,36,43,35,25,16,15,12,7,2,2,0,69.55262496318593,24.97056875529136,23.52941176470588,29.140542977963722
Bremblens,547,548,577,583,607,604,604,28,31,46,37,42,23,28,42,46,60,46,45,33,28,31,13,10,8,6,1,0,63.16770505032701,25.317770067614525,25.34246575342466,29.1077027030478
Grancy,403,398,397,406,445,489,489,35,37,28,27,28,22,34,36,41,37,30,35,35,15,13,16,16,0,2,2,0,62.70798720645371,24.99187400822859,26.510878323932314,29.067286191191844
Bioley-Magnoux,225,225,228,230,234,247,247,16,24,7,6,8,10,19,19,20,10,16,10,19,23,17,11,3,5,2,2,0,8.998621130016454,33.37506651782821,23.932312651087834,29.04887120569896
Penthaz,1726,1747,1760,1855,1890,1923,1923,118,111,143,110,105,110,128,122,170,170,145,122,101,63,65,72,41,17,8,2,0,63.96078656711087,23.34991663095248,30.98307816277196,28.937635930932217
Montilliez,1731,1781,1819,1857,1883,1895,1895,116,101,123,107,118,110,164,114,129,149,151,137,108,82,76,58,27,9,15,1,0,69.80666390669998,22.664106726870138,29.653505237711524,28.7762421470214
Maracon,477,492,538,538,547,544,544,30,29,41,28,23,24,39,34,40,42,35,45,45,37,19,18,8,5,2,0,0,56.82344559801853,25.43673078558789,25.745366639806605,28.637129437674698
Vevey,19829,19904,19871,19780,19721,19743,19743,1011,966,918,905,1097,1724,1839,1619,1516,1379,1398,1305,1057,793,676,630,454,282,132,36,6,80.45498890829916,23.81589357045297,19.580983078162774,28.63282100577955
Renens,21114,20968,20928,20863,20908,21116,21116,1029,1025,1053,1262,1757,1893,1743,1519,1383,1438,1396,1403,1165,766,707,663,412,319,140,41,2,84.0999870306813,22.227678816387776,23.126510878323934,28.594676050204363
Curtilles,318,313,310,301,296,294,294,14,9,17,16,16,13,26,20,7,26,29,19,22,19,15,10,6,3,5,1,1,60.384221837363825,25.80359156059679,22.07896857373086,28.516729990900306
Allaman,442,434,451,443,430,420,420,15,16,20,23,24,23,34,19,33,28,37,39,31,16,23,20,11,5,3,0,0,76.49871931573212,23.446125651295898,22.15954875100725,28.49406963768179
Treycovagnes,456,480,492,485,490,520,520,31,28,28,30,32,27,31,40,37,35,38,51,34,28,19,14,8,5,3,1,0,71.53402282854255,23.023337197751687,25.624496373892026,28.394637596058843
Etagnières,1119,1118,1143,1148,1148,1154,1154,60,50,81,76,64,54,77,59,91,107,90,103,59,51,40,44,21,23,3,1,0,68.22135706152693,23.80176923171474,24.456083803384367,28.374590929029882
Marchissy,455,463,472,481,485,499,499,27,26,28,33,27,29,28,35,31,36,43,49,29,25,23,15,6,4,4,1,0,70.88462987958718,23.300442841823493,24.818694601128122,28.362511897460784
Mex,718,725,718,791,795,817,817,62,34,37,33,35,58,82,54,56,68,64,39,45,45,39,32,20,9,4,1,0,57.330053934613105,24.391938341257244,27.03464947622885,28.214292127587154
Burtigny,361,391,390,404,416,414,414,24,23,39,25,29,23,14,26,32,36,31,26,18,18,14,23,10,2,1,0,0,44.83071015198225,26.620897035316567,25.181305398871878,28.153960019694196
Saint-George,1031,1031,1063,1074,1072,1069,1069,47,63,73,76,42,46,50,51,85,94,95,91,78,47,45,39,21,13,9,4,0,61.5746305504332,24.401553064954008,24.576954069298953,28.153941014370915
Champvent,669,685,689,696,712,734,734,43,59,43,42,38,47,55,54,68,44,54,45,38,26,34,21,12,8,1,2,0,60.82330896211505,23.989124564389346,25.66478646253022,28.007675383790094
Dully,640,635,639,628,634,631,631,29,28,45,42,40,24,32,38,46,60,46,54,39,38,27,20,14,5,3,1,0,63.964811732405416,24.243962089975497,22.683319903303786,27.903918616884148
Villars-sous-Yens,614,608,603,615,626,615,615,28,33,35,42,37,28,41,41,41,48,57,45,46,25,23,16,22,5,1,1,0,76.4136289342773,22.286513155407057,23.086220789685736,27.859166260149816
L'Abergement,237,248,244,256,256,260,260,16,15,15,17,10,7,10,20,18,12,29,20,18,15,16,10,6,2,4,0,0,40.53821503014265,26.835149142715164,23.972602739726025,27.632946450860082
Cuarnens,479,479,486,527,531,545,545,47,34,29,21,29,43,45,40,42,32,35,33,35,26,22,11,10,7,3,1,0,56.238621426774436,24.012662558711952,25.70507655116841,27.57374124400949
Chessel,403,426,429,444,497,528,528,36,31,31,23,30,44,47,41,32,37,30,35,34,20,23,13,12,6,3,0,0,64.63183422329739,22.08682800325469,28.08219178082192,27.540401380772405
Assens,1569,1593,1595,1666,1669,1669,1669,99,102,95,91,96,87,142,117,108,122,148,116,103,75,59,54,31,16,6,2,0,68.77925261278702,21.75077408774771,27.074939564867044,27.518455035675508
Froideville,2561,2576,2638,2694,2672,2720,2720,151,189,191,170,133,152,190,189,219,226,192,197,132,117,104,82,44,29,9,4,0,61.312588884328655,22.13123812722,29.45205479452055,27.513536536390976
Vullierens,499,507,513,542,560,562,562,37,30,33,22,24,31,39,48,35,37,41,49,46,24,27,20,6,10,3,0,0,61.38927175897025,23.19520559658659,25.58420628525383,27.492412350558403
Saint-Barthélemy,769,778,791,784,809,814,814,54,46,40,42,55,46,56,64,55,59,67,59,53,42,29,24,7,10,4,2,0,71.70710641017308,21.907672529191995,24.858984689766316,27.477878349404968
Coinsins,484,499,494,509,508,499,499,22,31,22,34,20,16,25,43,35,35,46,44,27,28,26,26,9,7,3,0,0,56.20270233798765,24.312957174195404,23.650282030620467,27.36939666185964
Cronay,380,385,394,393,403,410,410,32,31,22,17,9,13,37,38,24,20,26,21,30,33,24,15,11,4,3,0,0,18.0416272562855,29.535566652306905,24.25463336019339,27.32998605428206
Belmont-sur-Lausanne,3662,3732,3773,3756,3871,3835,3835,196,198,247,261,211,172,233,257,292,294,315,321,253,175,122,141,77,47,19,4,0,70.37187903332773,20.40886177079699,30.016116035455276,27.326614349981718
Saint-Prex,5695,5684,5774,5865,5865,5876,5876,309,310,361,392,313,269,342,402,459,513,508,438,321,238,271,211,132,52,31,4,0,67.00393024336476,20.774034601564086,30.338436744560838,27.309904594343507
Bursinel,488,471,473,491,515,503,503,18,30,44,30,29,23,29,30,39,38,43,36,28,34,14,21,10,5,1,1,0,53.673013033272056,24.47341509542924,23.650282030620467,27.228748276251764
Rivaz,351,358,342,337,331,332,332,17,13,7,12,25,19,24,25,18,15,32,32,24,13,10,14,17,11,3,1,0,70.57212298813948,22.189294969529787,22.280419016921837,27.045802580869164
Chamblon,534,542,540,559,561,567,567,30,29,23,22,34,36,36,45,37,30,34,55,41,44,31,24,9,3,3,1,0,56.81552823772519,23.54461405781938,24.375503626107978,27.037883389467684
Hermenches,379,364,367,384,371,374,374,16,16,18,21,19,28,20,17,26,26,39,34,23,17,19,18,5,9,2,1,0,68.49521814242492,22.26528577866509,22.844480257856567,27.00411791087937
Villars-Sainte-Croix,935,963,973,958,958,978,978,43,58,45,57,60,50,47,60,79,81,93,64,70,50,44,45,16,11,5,0,0,68.20145007460911,21.666021877897197,24.778404512489928,26.942041224486932
Goumoëns,1110,1119,1140,1153,1166,1175,1175,70,102,89,68,46,47,61,89,109,108,80,62,52,61,33,39,19,16,18,5,1,38.212030615098314,25.49309577930859,25.66478646253022,26.799327399531887
Orbe,6985,6942,7030,7124,7569,7617,7617,464,443,429,397,493,526,630,586,550,490,496,496,434,294,300,248,160,103,61,15,2,64.98924261641703,14.8052537874888,48.50926672038678,26.56445525696122
Yens,1395,1429,1477,1480,1499,1513,1513,76,89,126,80,68,53,80,97,131,122,130,120,77,64,70,69,35,17,8,1,0,47.35084886578207,23.17169566687087,27.800161160354552,26.515304085458727
Vaux-sur-Morges,199,184,196,194,196,185,185,6,11,9,14,20,10,7,10,11,11,13,15,10,9,9,11,6,3,0,0,0,57.54656165170523,22.813707672424467,22.48186946011281,26.220625427890212
La Sarraz,2609,2596,2651,2598,2620,2608,2608,129,144,176,157,162,162,161,160,223,223,196,199,113,129,95,77,62,31,4,4,1,66.95293578639196,21.181970846690763,23.005640612409348,26.1238012938046
Perroy,1514,1542,1497,1518,1514,1542,1542,76,81,105,96,93,98,98,90,106,128,133,116,82,68,63,60,39,7,3,0,0,67.50772306932738,20.684190796684288,24.174053182917003,26.06451650119514
Romainmôtier-Envy,551,540,535,525,551,559,559,26,33,33,34,22,21,26,40,49,50,36,35,48,32,33,20,10,7,3,1,0,53.51320434110074,22.890433754557364,23.3682514101531,26.04827434433085
Denens,774,747,742,742,733,715,715,25,41,30,39,39,48,41,28,45,41,59,62,75,44,39,19,16,9,12,3,0,63.934499704416936,22.16732829614475,20.668815471394037,26.044342872021826
Longirod,469,478,482,494,520,541,541,26,29,31,29,33,20,28,39,34,53,44,38,34,34,32,18,9,9,0,1,0,55.88246805889179,21.807365366469604,25.94681708299758,26.042765979017418
Corcelles-près-Payerne,2448,2479,2571,2681,2720,2856,2856,201,168,159,154,218,222,215,192,178,186,212,174,150,112,104,88,68,27,25,3,0,63.193753690020515,16.869294851122735,39.48428686543111,26.024739137874185
Concise,969,995,1025,1001,1004,1002,1002,46,55,60,58,53,38,62,72,90,64,78,84,66,53,49,43,19,8,3,0,1,62.244466931786256,21.295591179527303,24.375503626107978,26.00646124406933
Chéserex,1219,1227,1238,1248,1263,1251,1251,55,61,66,87,64,57,52,75,84,84,106,118,108,71,51,56,30,21,5,0,0,64.09722133051308,21.035671525360776,24.335213537469784,26.00173490829781
Bougy-Villars,483,490,475,477,496,506,506,19,21,26,33,31,26,33,27,24,33,49,49,33,29,26,25,13,7,2,0,0,64.35030165356306,21.081368268703557,23.972602739726025,25.986508501394
Genolier,1945,1961,2000,1996,2022,2026,2026,92,135,151,148,99,80,75,102,165,150,188,157,122,99,90,83,64,14,7,5,0,48.11725517325554,22.712351554518317,26.30942788074134,25.972257181636643
Provence,388,373,379,392,403,403,403,19,20,13,8,22,33,36,23,18,22,27,38,34,19,22,21,18,4,3,3,0,54.41512604839011,22.466057419693822,23.650282030620467,25.897809204748782
Vaulion,482,469,496,506,492,483,483,17,30,29,19,24,26,37,39,38,36,26,31,34,37,31,13,4,7,4,1,0,51.572170325212674,23.009710691373066,23.086220789685736,25.88125867441956
Sullens,1005,1036,1035,1041,1143,1169,1169,95,65,60,48,52,72,106,83,78,89,80,84,66,53,47,46,24,14,6,0,1,54.7935387193671,20.643243558897364,29.653505237711524,25.86032541070717
Bretonnières,262,265,269,268,266,264,264,20,19,16,13,12,12,17,19,24,13,18,22,20,10,9,6,7,5,2,0,0,52.60637160178777,22.80498479620331,23.126510878323934,25.849428693185878
Rances,485,482,505,513,512,521,521,24,34,18,28,45,21,37,31,26,37,36,48,38,31,21,24,11,7,3,1,0,63.394310607884364,20.83294688153557,24.496373892022564,25.82176865626785
Coppet,3123,3126,3211,3247,3211,3184,3184,106,214,241,220,195,126,98,170,209,273,268,283,205,133,145,128,82,61,23,4,0,52.09969381835349,22.15059269802517,25.50362610797744,25.816109492048458
Montricher,986,940,964,964,981,978,978,45,47,46,53,58,77,56,68,78,68,79,84,51,39,48,46,16,7,10,2,0,73.69491294276452,19.580580798505267,22.72360999194198,25.620619851618535
Bursins,745,752,782,773,773,766,766,40,46,46,40,49,27,44,56,45,60,67,69,49,24,41,31,12,15,4,1,0,60.73122724725037,20.95388312025307,23.89202256244964,25.519245421392114
Vufflens-le-Château,884,886,883,870,894,884,884,43,46,70,64,56,32,39,53,65,66,79,66,52,52,27,34,30,7,2,1,0,54.12995962623245,22.119892883993078,23.045930701047542,25.506107121627906
Duillier,1078,1085,1090,1128,1146,1116,1116,70,70,61,64,64,52,67,90,83,77,94,86,75,42,41,35,19,19,6,1,0,67.20800859796321,19.77771848318232,24.576954069298953,25.480594611883735
Villars-le-Terroir,1150,1213,1228,1281,1316,1308,1308,87,99,77,76,69,68,99,99,113,95,85,77,75,50,49,31,31,20,6,2,0,57.73225686882504,19.71956147156171,29.411764705882355,25.459271658152172
Molondin,232,235,240,252,239,257,257,18,19,11,7,15,14,22,22,9,19,22,13,16,13,10,16,5,3,2,0,1,40.267764637844394,23.690486112355543,24.053182917002417,25.420753325833804
Giez,421,412,414,414,443,450,450,30,18,20,25,24,20,34,44,29,24,39,37,26,21,19,14,11,10,5,0,0,65.87754881280759,19.898633217842132,24.214343271555197,25.35966678808129
Borex,1126,1140,1132,1157,1164,1131,1131,45,72,94,67,52,49,49,73,83,100,90,94,71,50,43,49,29,11,6,3,1,52.47878048644019,22.08553503458681,23.247381144238517,25.35722880170249
Villarzel,417,446,451,477,500,486,486,38,33,33,21,17,25,33,42,33,22,33,39,41,19,18,13,11,6,7,2,0,45.617213838859136,21.887123115351176,25.825946817082997,25.04789692804834
Blonay - Saint-Légier,11350,11360,11394,11737,11924,12123,12123,496,635,776,863,732,499,584,633,782,844,1048,1085,780,547,566,520,354,225,109,38,7,54.35984168118097,12.477891548705706,54.190169218372276,25.008542095886547
Bonvillars,495,505,490,489,481,501,501,17,24,32,32,20,20,19,26,36,47,38,46,34,32,32,21,12,8,5,0,0,48.108593781121826,22.03415479807787,23.28767123287671,24.892301983342033
Romanel-sur-Lausanne,3300,3311,3294,3247,3482,3798,3798,250,182,173,189,233,302,334,247,229,253,263,251,213,168,179,167,89,42,28,5,1,61.39201764389688,14.350830982403389,43.11039484286866,24.806862420645793
Forel (Lavaux),2084,2082,2064,2105,2110,2067,2067,138,117,127,91,100,74,127,176,152,166,143,171,130,96,103,83,44,23,4,2,0,52.36470773309604,21.209655674963805,22.36099919419823,24.555429584623912
Vufflens-la-Ville,1284,1298,1295,1349,1346,1334,1334,62,60,79,89,76,63,70,80,92,108,115,112,88,58,68,64,31,13,6,0,0,65.0492790680759,18.453130294720726,25.06043513295729,24.434206139703555
Rolle,6225,6246,6245,6259,6291,6321,6321,308,333,483,526,299,368,426,397,463,493,489,446,324,231,191,200,168,113,48,14,1,65.020375511313,17.889899369412824,26.913779210314264,24.40772295178313
Eclépens,1091,1211,1222,1220,1198,1199,1199,73,85,57,59,70,69,107,90,82,81,86,80,73,58,45,35,19,19,10,1,0,62.7563033557225,18.06193111086586,27.397260273972602,24.398434167972873
Moiry,316,310,310,311,301,296,296,19,15,14,14,17,13,14,16,20,20,22,17,30,16,24,16,6,3,0,0,0,40.05588878266548,22.71553334814078,22.240128928283642,24.35448800762182
Cugy,2744,2742,2768,2760,2733,2697,2697,118,146,199,206,173,128,141,151,175,232,231,216,146,94,103,106,70,45,15,2,0,63.887895703972376,19.545888027703537,21.15229653505238,24.30137049680019
Gingins,1212,1226,1239,1257,1265,1270,1270,48,69,86,74,86,43,63,62,75,98,117,120,77,62,67,62,34,19,6,2,0,51.528377375268434,20.045324420306724,25.382755842062853,24.26111600015412
Corbeyrier,437,438,437,445,439,440,440,7,18,27,20,12,10,13,28,33,35,22,43,23,38,33,33,27,12,3,3,0,3.394478412225441,27.469280174405995,23.16680096696213,24.201304156699166
Chavannes-le-Chêne,298,308,311,324,325,316,316,16,17,24,13,16,22,32,20,19,15,19,16,27,20,13,14,4,7,2,0,0,45.67445936037233,21.17411633959976,23.771152296535053,24.143557833064076
Les Clées,181,185,185,187,182,186,186,12,8,9,7,7,7,15,10,10,14,13,10,16,18,12,10,5,0,0,3,0,24.318186576499713,24.284752583546965,23.247381144238517,24.08062169498055
Servion,1904,1942,1997,2076,2107,2136,2136,129,135,117,129,93,98,121,149,166,167,157,174,143,106,79,86,46,26,10,5,0,57.532965623045826,16.870046018269154,32.39323126510879,24.040975028114747
Bercher,1221,1239,1280,1323,1320,1359,1359,79,82,93,98,70,89,89,88,69,110,101,99,86,63,44,46,27,18,8,0,0,61.19102856575898,17.278254979618907,28.60596293311845,23.935073928932823
Payerne,9716,9971,10072,10108,10256,10372,10372,624,614,628,593,685,709,729,690,681,733,729,701,565,461,416,345,243,134,70,18,4,59.01348271995543,11.551399774426601,49.47622884770346,23.882573883634855
Avenches,4210,4282,4305,4482,4617,4696,4696,270,301,275,233,267,303,349,355,294,350,321,324,287,183,219,166,102,57,34,6,0,58.74911217296381,13.419042520707574,42.62691377921031,23.793623737633744
Orzens,195,196,208,201,202,212,212,13,7,14,8,12,13,15,8,15,12,10,14,25,12,11,8,3,9,3,0,0,42.20408463165755,21.046403521907468,23.73086220789686,23.699063370080356
Aigle,10153,10134,10217,10518,10823,10937,10937,656,630,593,587,661,751,876,745,701,699,712,786,621,533,417,432,277,149,93,15,3,56.90397681432775,9.972632783822686,54.63336019339242,23.59791266878714
Lucens,4157,4199,4220,4309,4373,4420,4420,295,266,292,266,251,285,345,321,265,318,324,270,254,180,183,134,84,50,26,11,0,58.439537181090174,15.692447863852992,33.64222401289283,23.557112025384676
Jorat-Mézières,2850,2869,2949,2966,3095,3110,3110,166,192,203,196,181,159,165,236,246,223,239,208,173,177,131,95,66,37,15,1,1,56.27320076819814,16.022861541997536,33.52135374697824,23.547593905613738
Montagny-près-Yverdon,717,738,747,737,775,770,770,37,34,48,62,43,31,60,63,51,49,56,56,44,47,27,25,12,15,10,0,0,64.76398216419307,17.18722906752566,25.181305398871878,23.543719643461646
Donneloye,813,809,823,829,891,905,905,67,66,54,59,40,58,71,73,58,56,66,56,46,40,32,23,19,12,8,1,0,52.733116809188296,18.413555598076808,26.752618855761483,23.51332437072489
Vully-les-Lacs,3080,3163,3278,3360,3465,3540,3540,214,227,179,149,149,180,250,285,277,211,263,272,223,189,172,141,74,48,31,5,1,49.77168627979438,14.484248591014467,41.57937147461725,23.432016936613014
Montanaire,2606,2685,2717,2782,2766,2820,2820,185,173,194,173,130,163,211,186,205,192,203,199,166,145,109,85,48,33,17,3,0,54.700494716237266,16.525583532343266,31.668009669621274,23.371559878188265
Lully,795,790,818,825,828,825,825,43,57,57,50,63,31,47,42,58,50,67,59,65,36,37,33,18,6,5,0,1,53.05038868319739,18.73955770780053,24.25463336019339,23.273655935818788
Ursins,218,230,225,238,228,230,230,15,16,12,7,12,16,17,18,11,15,21,16,11,13,8,12,7,1,2,0,0,43.88690572773001,20.25422541273428,23.52941176470588,23.27253071462817
Valeyres-sous-Rances,631,622,620,609,614,606,606,23,42,44,31,24,36,32,42,50,48,43,40,42,40,28,17,9,7,7,1,0,50.811253038333184,19.6090466574431,22.038678485092667,23.21519366106202
Jorat-Menthue,1532,1586,1591,1602,1603,1565,1565,97,87,95,87,79,88,97,110,124,121,113,124,87,75,48,77,37,12,7,0,0,59.54561619144238,17.6250684338868,24.375503626107978,23.167210248086594
Mont-sur-Rolle,2701,2651,2677,2646,2739,2759,2759,142,160,199,165,165,112,145,168,229,227,215,216,159,130,102,105,45,44,19,8,4,56.92074562285407,17.431862509065592,25.382755842062853,22.970929487043893
Syens,150,159,155,156,161,164,164,7,13,7,8,9,16,9,11,10,9,8,13,12,9,10,6,2,2,2,1,0,50.801424116382975,18.783294097321082,23.609991941982273,22.950446668159508
Epalinges,9335,9624,9701,9755,9813,9825,9825,459,564,557,644,878,578,625,577,708,677,638,663,552,441,353,387,244,176,87,16,1,63.20968027616169,11.477010283993128,42.7880741337631,22.912490053163978
Valeyres-sous-Ursins,238,232,227,241,247,241,241,10,10,11,14,21,9,9,7,14,17,22,20,17,10,13,20,8,6,2,1,0,42.08936950062714,20.098629565036152,23.16680096696213,22.911337838980447
Tolochenaz,1883,1933,1907,1889,1886,1890,1890,98,98,108,115,117,110,112,140,122,155,140,157,116,87,71,63,38,25,16,1,1,69.9089419963994,16.03112496530893,23.327961321514906,22.878273939659174
Moudon,6185,6135,6080,6109,6116,6132,6132,383,409,421,386,367,389,427,433,478,440,415,424,311,230,190,180,107,73,52,15,2,62.273083990597264,17.799011562397766,20.910556003223206,22.8687276933828
Valeyres-sous-Montagny,705,708,709,714,697,703,703,27,46,39,35,37,37,38,41,41,49,43,73,62,36,36,28,17,11,7,0,0,54.90646008656718,18.23982882789108,22.965350523771153,22.85159629293471
Prilly,12105,12392,12423,12383,12338,12318,12318,620,573,595,609,789,978,1013,940,951,846,842,812,592,468,463,438,421,240,102,22,4,70.05092969142642,13.47389548480984,31.627719580983076,22.762363724706145
Rennaz,839,826,871,889,883,929,929,49,62,56,58,53,58,75,66,65,69,49,67,57,45,36,26,17,13,7,1,0,62.480056072673705,15.891944203691843,26.672038678485094,22.70677428554868
Noville,1055,1113,1167,1170,1169,1169,1169,68,68,86,56,61,52,72,87,83,71,78,112,65,71,45,47,27,12,7,1,0,46.01954848792019,17.962709805366128,27.63900080580177,22.70365187370866
L'Isle,1005,1005,1011,1065,1079,1095,1095,45,60,62,72,50,50,92,67,80,65,92,82,70,51,69,41,21,13,11,2,0,59.24635307035576,16.25784255613347,26.672038678485094,22.639532832026024
Baulmes,1053,1027,1042,1074,1126,1132,1132,68,59,45,59,68,98,88,76,78,66,75,75,74,66,49,41,25,17,3,2,0,64.71355114787953,15.591366208509285,26.228847703464947,22.631081001437444
Lignerolle,417,422,437,435,408,447,447,33,25,29,21,24,27,31,39,28,21,33,33,26,27,21,13,8,3,3,2,0,47.31690637023065,18.222972246300607,24.25463336019339,22.338697881472168
Arnex-sur-Orbe,642,631,633,637,665,692,692,40,44,34,47,27,46,49,64,46,47,48,38,34,41,38,19,8,16,3,3,0,52.88441698031979,17.052834011638176,25.06043513295729,22.23751253277016
Ballens,527,536,545,562,567,590,590,34,27,29,45,35,35,52,36,29,52,40,40,31,26,22,27,13,10,6,1,0,65.08651273180296,14.98543610155223,25.58420628525383,22.11529780131762
Aubonne,3803,3778,3817,3764,3780,3792,3792,167,207,244,221,222,198,214,249,284,302,342,266,231,185,147,133,99,43,23,12,3,63.83560106043209,15.634600042636675,22.602739726027394,21.84832808109436
Veytaux,870,884,922,956,952,970,970,50,47,38,40,42,70,81,64,69,64,75,74,71,49,45,32,23,26,9,1,0,65.38521372139353,14.08763900458091,27.074939564867044,21.814856588319397
Villars-le-Comte,142,132,122,120,133,138,138,5,9,6,7,5,7,10,6,7,8,11,12,14,9,8,4,3,3,4,0,0,46.01046568229758,18.011440301870827,22.88477034649476,21.78600884883829
Ormont-Dessous,1117,1121,1141,1180,1161,1178,1178,60,56,62,57,40,45,79,88,84,81,88,93,90,88,54,57,35,10,9,1,1,46.98391421834724,16.972946254965848,25.50362610797744,21.680179021906305
Jongny,1549,1536,1544,1670,1805,1842,1842,98,114,98,87,100,115,120,147,143,112,145,128,97,89,84,88,42,25,8,2,0,54.69146810243538,13.141762944860307,34.85092667203868,21.63856620605349
Gimel,2016,2186,2238,2307,2401,2414,2414,151,178,128,131,127,134,180,173,161,205,164,140,123,106,114,82,45,39,27,6,0,49.274097592589925,12.45466061688674,39.08138597904915,21.46194938688954
Oron,5809,5875,6049,6052,6100,6119,6119,338,378,383,366,310,376,456,415,442,415,449,418,369,285,247,194,119,88,53,11,7,58.65152980145496,12.06191084204951,35.53585817888799,21.415662205357755
Yvorne,1057,1066,1071,1070,1038,1088,1088,44,68,63,46,51,55,68,83,79,74,90,88,68,73,46,42,25,15,8,2,0,53.232130968970424,16.040431915909632,24.294923448831586,21.4105001278001
Echandens,2757,2789,2739,2743,2775,2891,2891,129,115,122,256,290,180,169,144,183,187,190,180,152,130,135,134,89,70,24,12,0,64.32626210815114,13.258913619246437,28.444802578565675,21.402826260000754
Echallens,5728,5742,5725,5731,5739,5816,5816,288,345,324,386,426,310,358,362,376,414,445,443,371,243,243,229,128,79,35,11,0,64.85450441256458,12.944668154175734,26.591458501208702,20.865009849421213
Signy-Avenex,567,592,586,581,584,583,583,29,44,36,41,30,22,24,38,48,46,41,46,34,26,24,23,17,8,4,1,1,48.06846117857659,15.844517839982167,23.69057211925866,20.636123029696908
Cheseaux-sur-Lausanne,4357,4338,4339,4367,4449,4525,4525,203,247,261,255,246,282,314,334,338,331,334,322,261,212,172,194,114,65,33,7,0,63.74277792170887,11.726491307872742,29.814665592264305,20.54575482613467
Tévenon,843,877,896,894,883,867,867,39,58,57,49,28,29,42,64,54,69,67,71,66,52,36,36,28,8,10,4,0,41.73640325932132,16.342963116425725,24.012892828364222,20.416293073102985
Villeneuve,5672,5771,5772,5837,5918,5979,5979,352,327,345,309,367,387,441,436,404,413,375,437,356,291,251,211,129,83,51,13,1,58.7237669991978,10.619526461684412,35.41498791297341,20.38904280569355
Grandson,3284,3360,3340,3356,3366,3358,3358,161,165,195,171,179,210,233,236,233,225,230,277,235,175,163,126,73,38,25,8,0,62.300788621446124,12.772996705177547,26.027397260273972,20.37665600782369
Hautemorges,4024,4068,4074,4101,4173,4257,4257,261,243,256,237,262,212,274,281,286,310,333,309,258,207,178,171,89,53,28,7,2,54.98708334319576,11.733081631409833,32.43352135374698,20.198569747055856
Gryon,1364,1332,1347,1378,1382,1389,1389,68,78,46,78,62,53,75,88,99,107,96,118,100,101,75,72,50,17,5,1,0,46.125128746799085,15.34782231159791,24.053182917002417,20.16662507619893
Begnins,1910,1952,1931,1928,1940,1938,1938,89,102,122,121,101,77,107,119,129,173,183,144,103,95,69,83,54,40,20,6,1,54.886025863926804,13.939856382324333,24.174053182917003,20.081312690603113
Senarclens,505,488,477,496,491,496,496,22,36,32,28,26,24,23,32,45,41,40,32,27,24,16,16,15,10,6,1,0,51.233738151193634,14.810380454304525,22.683319903303786,20.02730411379329
Grandcour,890,929,953,967,987,1001,1001,68,61,64,55,53,56,67,60,84,68,73,60,67,35,47,34,28,17,4,0,0,51.83381440885903,13.265535057239425,27.51813053988719,19.972882088930938
Chevroux,470,480,492,495,506,522,522,34,32,28,21,32,29,25,33,37,29,45,40,37,32,25,22,11,7,3,0,0,44.993435052715384,14.738890931367015,25.141015310233684,19.844770219275183
Prangins,4069,4040,4088,4101,4059,4277,4277,198,247,268,282,234,214,231,221,281,362,334,335,263,211,194,169,132,62,34,4,1,52.93425421782364,11.238743368462014,31.4262691377921,19.445799607264195
Bière,1577,1595,1596,1627,1635,1683,1683,81,90,106,95,100,112,103,115,122,141,127,106,93,68,68,72,38,25,12,8,1,61.385140695016524,11.165991386146326,27.31668009669621,19.418044059143323
Corcelles-près-Concise,377,401,401,419,416,412,412,29,23,19,22,12,21,41,28,29,30,16,20,26,37,14,16,9,7,7,5,1,28.537484502724485,16.602465626714704,24.456083803384367,19.366691149649615
Cheseaux-Noréaz,705,721,725,741,728,734,734,28,33,51,59,53,39,20,42,36,58,55,54,48,44,38,32,22,15,4,3,0,46.84947438369348,13.831606680002542,24.214343271555197,19.209940768682166
Paudex,1480,1507,1532,1538,1545,1550,1550,85,62,83,55,58,91,126,129,117,115,100,101,90,63,93,91,50,22,15,4,0,47.53120861750403,13.200263657974437,25.86623690572119,19.166552803476748
Lavey-Morcles,926,946,931,944,965,979,979,51,65,59,48,41,55,85,68,61,61,66,63,67,61,50,37,26,6,7,2,0,44.91506447999251,13.731374405809472,25.181305398871878,19.139729611840256
Morrens,1092,1077,1126,1153,1156,1172,1172,76,81,59,66,67,50,82,82,97,70,79,80,76,50,49,53,25,26,4,0,0,50.23221883429626,12.54705752188994,26.26913779210314,19.059989707173212
Corcelles-le-Jorat,460,445,458,451,489,485,485,25,27,28,24,37,28,33,26,32,26,29,40,36,31,23,19,13,5,3,0,0,51.286527012718075,12.834564166262297,24.053182917002417,18.9234842010559
Préverenges,5291,5298,5243,5241,5207,5209,5209,222,275,303,344,290,314,316,357,370,422,407,375,260,226,216,246,153,69,34,10,0,62.05029413544818,11.805689288782158,19.742143432715554,18.417440602235438
Suscévaz,200,213,215,204,215,220,220,16,12,16,17,7,12,8,15,15,15,15,13,12,8,12,17,4,4,1,1,0,24.485289779180697,15.902168095980015,23.851732473811442,18.35039313986637
Chardonne,2921,2941,3032,3093,3077,3192,3192,167,134,143,120,154,175,204,204,188,235,253,269,248,194,152,130,97,65,48,11,1,51.771753027709586,8.710500443304483,33.964544721998394,18.067434557483775
Bex,7719,7757,7869,7828,8060,8151,8151,462,514,506,418,439,502,597,589,512,523,547,563,502,388,323,304,220,149,68,22,3,49.20583592432572,6.936313854175044,40.451248992747786,17.86625308890466
Valbroye,3035,3174,3296,3373,3349,3361,3361,223,201,202,165,166,185,267,238,223,195,219,208,239,180,150,122,88,60,25,5,0,43.99178848656911,8.736989325558124,36.180499597099114,17.75117129596742
Vallorbe,3851,3852,3857,3874,3923,3987,3987,233,250,225,207,203,271,269,263,295,258,290,271,244,212,151,142,95,65,36,6,1,53.04905228867091,9.380031780643002,28.52538275584206,17.576004026485606
Jouxtens-Mézery,1469,1471,1423,1411,1460,1468,1468,52,95,80,88,110,71,55,75,93,87,107,128,102,83,88,77,43,18,15,1,0,42.85695021843018,12.303849925033798,23.005640612409348,17.499518091848547
Echichens,2712,3050,3077,3127,3142,3211,3211,183,205,202,156,165,151,209,223,224,237,237,237,193,147,109,98,77,83,59,15,1,47.177729251220555,5.856037232099203,43.15068493150685,17.44713597389287
La Tour-de-Peilz,11779,11871,11906,12088,12220,12400,12400,601,637,656,674,708,658,823,811,836,857,934,927,722,555,556,595,408,308,104,29,1,51.233738151193634,3.660465111652856,48.06607574536664,17.298914542349692
Rossinière,545,548,548,537,534,534,534,20,36,34,27,27,29,35,19,34,38,36,43,40,39,18,24,23,9,1,2,0,38.096824653103745,12.797163120044713,22.602739726027394,17.28824459454715
Bourg-en-Lavaux,5288,5367,5345,5389,5366,5389,5389,261,237,289,281,255,232,347,316,378,428,397,436,373,297,293,266,156,96,37,13,1,50.14212760911908,9.648116831854319,27.115229653505235,17.190940473910977
Savigny,3352,3353,3359,3348,3370,3421,3421,155,204,196,177,203,142,200,235,225,253,251,251,248,190,180,137,92,53,23,3,3,50.04839538252036,9.839485791745183,25.825946817082997,17.057668955890264
Chavannes-sur-Moudon,220,216,210,223,222,218,218,8,9,11,11,15,10,15,13,15,14,17,18,13,10,13,13,7,4,2,0,0,53.99816826369857,9.919959688612662,22.965350523771153,16.93685871315295
Pully,18194,18336,18495,18688,18945,19005,19005,928,946,967,989,943,980,1249,1381,1380,1401,1317,1266,1085,835,833,955,755,504,227,55,9,46.25684556652915,1.1696407456410274,55.721192586623694,16.588671595926375
Bullet,644,655,657,657,657,651,651,22,31,25,29,28,32,41,34,38,38,43,57,56,38,45,45,29,17,2,1,0,35.196946097978795,11.625737655868138,23.327961321514906,16.323303233208556
Lutry,10001,10285,10357,10455,10701,10713,10713,534,539,507,525,510,497,690,726,724,755,790,800,696,543,541,545,352,239,143,46,11,44.14816326717928,1.814702714523419,51.73247381144238,16.0316029891728
Buchillon,638,650,686,686,669,670,670,22,43,47,36,34,30,24,40,51,43,59,46,46,38,28,37,26,10,9,1,0,36.24842887622572,10.65303547075783,24.335213537469784,15.94901042464701
Corsier-sur-Vevey,3396,3386,3363,3420,3389,3366,3366,160,167,165,159,166,212,243,246,243,222,243,253,220,167,159,140,101,62,34,4,0,58.33796464612722,8.116777837308248,21.837228041901692,15.882986559108836
Yvonand,3351,3426,3434,3467,3510,3531,3531,174,195,237,206,203,199,248,206,240,245,233,263,219,171,149,151,83,50,43,16,0,50.98107543151906,6.2495311891695176,30.298146655922643,15.532408706755096
Lussy-sur-Morges,667,687,696,722,740,730,730,41,53,52,51,31,27,32,39,51,61,54,58,31,35,27,34,20,22,8,3,0,29.138345495322287,10.500198718874355,25.58420628525383,15.380814909795042
Missy,352,368,362,368,366,387,387,30,23,29,20,21,20,23,19,34,23,28,20,21,16,21,20,6,7,5,1,0,27.106941022128794,11.022742443961034,24.456083803384367,15.317830573662476
Penthalaz,3282,3283,3257,3207,3211,3214,3214,161,194,195,153,171,207,222,246,206,264,213,220,177,134,118,126,78,58,56,12,3,54.03162867185901,7.235020906337154,20.30620467365028,14.528918436351967
Lonay,2492,2593,2676,2679,2751,2675,2675,96,125,121,162,185,186,154,149,182,164,205,220,157,133,101,104,82,69,59,15,6,60.17679367828206,2.401591775127686,30.419016921837226,13.782596994785031
Ballaigues,1095,1075,1108,1143,1173,1152,1152,69,55,60,69,65,65,80,84,60,78,87,79,66,41,52,58,53,22,6,3,0,48.86768610727999,5.319815590107199,25.34246575342466,13.67913267448797
Ormont-Dessus,1467,1446,1434,1466,1452,1425,1425,59,68,55,46,66,52,74,94,107,89,85,108,111,108,104,91,50,36,18,3,1,23.26229536196482,9.492337718977383,21.35374697824335,13.241615335129321
L'Abbaye,1492,1481,1481,1473,1521,1534,1534,76,83,80,66,60,84,89,91,96,96,95,103,116,132,102,81,36,27,17,2,2,23.376694328203705,8.466409625440251,24.73811442385173,13.211779055398893
Yverdon-les-Bains,30208,30211,30189,29981,29705,29877,29877,1568,1647,1726,1629,1720,2169,2155,2123,2136,2038,2005,1896,1659,1314,1205,1166,783,575,288,64,11,57.36390978119816,7.3353499722460285,9.709911361804997,12.813118231053036
Le Lieu,869,875,900,888,881,886,886,48,40,49,45,36,38,55,54,57,66,64,53,63,64,51,46,26,20,10,1,0,30.814788355030657,5.0345588138422315,23.73086220789686,11.351842446772
Château-d'Oex,3433,3460,3468,3494,3549,3568,3568,170,193,198,157,170,187,198,228,196,229,241,283,261,203,214,184,119,79,46,8,4,32.40492180297727,1.5679637692751682,28.485092667203865,10.035085352231118
Rougemont,882,882,858,863,862,826,826,33,42,31,37,43,35,35,55,44,48,55,70,64,53,53,59,30,18,16,5,0,25.469008010390837,4.182739810279175,20.789685737308623,9.632755815696232
Chexbres,2250,2238,2235,2251,2229,2204,2204,95,96,140,137,101,97,130,144,155,163,159,177,116,108,89,107,78,56,41,13,2,43.68842417117783,1.3634812322691674,21.19258662369057,9.561796604444314
Sainte-Croix,4919,4845,4888,4917,4948,4869,4869,166,224,267,221,258,259,277,271,307,295,347,382,321,329,283,304,177,108,57,14,2,32.810724046440534,2.845179791834182,21.031426269137793,9.478983512755539
Le Chenit,4612,4605,4657,4600,4569,4613,4613,232,223,260,233,234,224,271,299,310,319,343,297,311,246,252,232,161,97,55,11,3,38.89587233787052,1.0459689175228601,23.086220789685736,9.239009633990202
Corseaux,2289,2282,2287,2311,2328,2307,2307,111,104,99,94,97,87,148,158,164,152,157,172,148,138,139,132,105,60,33,8,1,29.621222079750613,1.5319239922176648,23.771152296535053,8.788699461834437
Croy,379,404,403,397,390,386,386,18,16,13,18,22,14,26,27,26,18,34,30,19,23,19,23,11,13,11,5,0,34.182346764369356,0.0,23.327961321514906,8.083826940739918
Montreux,26653,26006,26065,26180,26004,26081,26081,1155,1167,1223,1587,1756,1565,1764,1716,1711,1693,1782,1879,1622,1242,1218,1112,906,541,322,98,22,57.857733470701255,2.3665611459173097,0.0,7.442366149212243
